0;60
1;62
2;64
3;68
4;65
5;68
6;72
7;80
8;83
9;84
10;81
11;83
12;85
13;87
14;89
15;91
16;93
17;95
18;97
19;99
20;101
21;103
22;105
23;107
24;109
25;111
26;113
27;115
28;117
29;119
30;121
31;123
32;125
33;127
34;129
35;131
36;133
37;135
38;137
39;139
40;141
41;143
42;145
43;147
44;149
45;151
46;153
47;155
48;157
49;159
50;161
51;163
52;165
53;167
54;169
55;171
56;173
57;175
58;177
59;179
60;181
61;183
62;185
63;187
64;189
65;191
66;193
67;195
68;197
69;199
70;201
71;203
72;205
73;207
74;209
75;211
76;213
77;215
78;217
79;219
80;221
81;223
82;225
83;227
84;229
85;231
86;233
87;235
88;237
89;239
90;241
91;243
92;245
93;247
94;249
95;251
96;253
97;255
98;257
99;259
100;261
101;263
102;265
103;267
104;269
105;271
106;273
107;275
108;277
109;279
110;281
111;283
112;285
113;287
114;289
115;291
116;293
117;295
118;297
119;299
120;301
121;303
122;305
123;307
124;309
125;311
126;313
127;315
128;317
129;319
130;321
131;323
132;325
133;327
134;329
135;331
136;333
137;335
138;337
139;339
140;341
141;343
142;345
143;347
144;349
145;351
146;353
147;355
148;357
149;359
150;361
151;363
152;365
153;367
154;369
155;371
156;373
157;375
158;377
159;379
160;381
161;383
162;385
163;387
164;389
165;391
166;393
167;395
168;397
169;399
170;401
171;403
172;405
173;407
174;409
175;411
176;413
177;415
178;417
179;419
180;421
181;423
182;425
183;427
184;429
185;431
186;433
187;435
188;437
189;439
190;441
191;443
192;445
193;447
194;449
195;451
196;453
197;455
198;457
199;459
200;461
201;463
202;465
203;467
204;469
205;471
206;473
207;475
208;477
209;479
210;481
211;483
212;485
213;487
214;489
215;491
216;493
217;495
218;497
219;499
220;501
221;503
222;505
223;507
224;509
225;511
226;513
227;515
228;517
229;519
230;521
231;523
232;525
233;527
234;529
235;531
236;533
237;535
238;537
239;539
240;541
241;543
242;545
243;547
244;549
245;551
246;553
247;555
248;557
249;559
250;561
251;563
252;565
253;567
254;569
255;571
256;573
257;575
258;577
259;579
260;581
261;583
262;585
263;587
264;589
265;591
266;593
267;595
268;597
269;599
270;601
271;603
272;605
273;607
274;609
275;611
276;613
277;615
278;617
279;619
280;621
281;623
282;625
283;627
284;629
285;631
286;633
287;635
288;637
289;639
290;641
291;643
292;645
293;647
294;649
295;651
296;653
297;655
298;657
299;659
300;661
301;663
302;665
303;667
304;669
305;671
306;673
307;675
308;677
309;679
310;681
311;683
312;685
313;687
314;689
315;691
316;693
317;695
318;697
319;699
320;701
321;703
322;705
323;707
324;709
325;711
326;713
327;715
328;717
329;719
330;721
331;723
332;725
333;727
334;729
335;731
336;733
337;735
338;737
339;739
340;741
341;743
342;745
343;747
344;749
345;751
346;753
347;755
348;757
349;759
350;761
351;763
352;765
353;767
354;769
355;771
356;773
357;775
358;777
359;779
360;781
361;783
362;785
363;787
364;789
365;791
366;793
367;795
368;797
369;799
370;801
371;803
372;805
373;807
374;809
375;811
376;813
377;815
378;817
379;819
380;821
381;823
382;825
383;827
384;829
385;831
386;833
387;835
388;837
389;839
390;841
391;843
392;845
393;847
394;849
395;851
396;853
397;855
398;857
399;859
400;861
401;863
402;865
403;867
404;869
405;871
406;873
407;875
408;877
409;879
410;881
411;883
412;885
413;887
414;889
415;891
416;893
417;895
418;897
419;899
420;901
421;903
422;905
423;907
424;909
425;911
426;913
427;915
428;917
429;919
430;921
431;923
432;925
433;927
434;929
435;931
436;933
437;935
438;937
439;939
440;941
441;943
442;945
443;947
444;949
445;951
446;953
447;955
448;957
449;959
450;961
451;963
452;965
453;967
454;969
455;971
456;973
457;975
458;977
459;979
460;981
461;983
462;985
463;987
464;989
465;991
466;993
467;995
468;997
469;999
470;1001
471;1003
472;1005
473;1007
474;1009
475;1011
476;1013
477;1015
478;1017
479;1019
480;1021
481;1023
482;1025
483;1027
484;1029
485;1031
486;1033
487;1035
488;1037
489;1039
490;1041
491;1043
492;1045
493;1047
494;1049
495;1051
496;1053
497;1055
498;1057
499;1059
500;1061
501;1063
502;1065
503;1067
504;1069
505;1071
506;1073
507;1075
508;1077
509;1079
510;1081
511;1083
512;1085
513;1087
514;1089
515;1091
516;1093
517;1095
518;1097
519;1099
520;1101
521;1103
522;1105
523;1107
524;1109
525;1111
526;1113
527;1115
528;1117
529;1119
530;1121
531;1123
532;1125
533;1127
534;1129
535;1131
536;1133
537;1135
538;1137
539;1139
540;1141
541;1143
542;1145
543;1147
544;1149
545;1151
546;1153
547;1155
548;1157
549;1159
550;1161
551;1163
552;1165
553;1167
554;1169
555;1171
556;1173
557;1175
558;1177
559;1179
560;1181
561;1183
562;1185
563;1187
564;1189
565;1191
566;1193
567;1195
568;1197
569;1199
570;1201
571;1203
572;1205
573;1207
574;1209
575;1211
576;1213
577;1215
578;1217
579;1219
580;1221
581;1223
582;1225
583;1227
584;1229
585;1231
586;1233
587;1235
588;1237
589;1239
590;1241
591;1243
592;1245
593;1247
594;1249
595;1251
596;1253
597;1255
598;1257
599;1259
600;1261
601;1263
602;1265
603;1267
604;1269
605;1271
606;1273
607;1275
608;1277
609;1279
610;1281
611;1283
612;1285
613;1287
614;1289
615;1291
616;1293
617;1295
618;1297
619;1299
620;1301
621;1303
622;1305
623;1307
624;1309
625;1311
626;1313
627;1315
628;1317
629;1319
630;1321
631;1323
632;1325
633;1327
634;1329
635;1331
636;1333
637;1335
638;1337
639;1339
640;1341
641;1343
642;1345
643;1347
644;1349
645;1351
646;1353
647;1355
648;1357
649;1359
